#  x,   y,atan(y/x),atan2(y,x)
  -0,1000,-90.0000, 90.0000
   1,1001, 89.9428, 89.9428
  -2, 998,-89.8852, 90.1148
   3,1003, 89.8286, 89.8286
  -4, 996,-89.7699, 90.2301
   5,1005, 89.7149, 89.7149
  -6, 994,-89.6542, 90.3458
   7,1007, 89.6017, 89.6017
  -8, 992,-89.5379, 90.4621
   9,1009, 89.4890, 89.4890
 -10, 990,-89.4213, 90.5787
  11,1011, 89.3766, 89.3766
 -12, 988,-89.3041, 90.6959
  13,1013, 89.2648, 89.2648
 -14, 986,-89.1865, 90.8135
  15,1015, 89.1533, 89.1533
 -16, 984,-89.0684, 90.9316
  17,1017, 89.0423, 89.0423
 -18, 982,-88.9499, 91.0501
  19,1019, 88.9318, 88.9318
 -20, 980,-88.8309, 91.1691
  21,1021, 88.8217, 88.8217
 -22, 978,-88.7114, 91.2886
  23,1023, 88.7120, 88.7120
 -24, 976,-88.5914, 91.4086
  25,1025, 88.6028, 88.6028
 -26, 974,-88.4709, 91.5291
  27,1027, 88.4940, 88.4940
 -28, 972,-88.3500, 91.6500
  29,1029, 88.3857, 88.3857
 -30, 970,-88.2285, 91.7715
  31,1031, 88.2778, 88.2778
 -32, 968,-88.1066, 91.8934
  33,1033, 88.1703, 88.1703
 -34, 966,-87.9842, 92.0158
  35,1035, 88.0632, 88.0632
 -36, 964,-87.8613, 92.1387
  37,1037, 87.9566, 87.9566
 -38, 962,-87.7379, 92.2621
  39,1039, 87.8503, 87.8503
 -40, 960,-87.6141, 92.3859
  41,1041, 87.7446, 87.7446
 -42, 958,-87.4897, 92.5103
  43,1043, 87.6392, 87.6392
 -44, 956,-87.3648, 92.6352
  45,1045, 87.5342, 87.5342
 -46, 954,-87.2394, 92.7606
  47,1047, 87.4297, 87.4297
 -48, 952,-87.1136, 92.8864
  49,1049, 87.3256, 87.3256
 -50, 950,-86.9872, 93.0128
  51,1051, 87.2219, 87.2219
 -52, 948,-86.8603, 93.1397
  53,1053, 87.1186, 87.1186
 -54, 946,-86.7330, 93.2670
  55,1055, 87.0157, 87.0157
 -56, 944,-86.6051, 93.3949
  57,1057, 86.9132, 86.9132
 -58, 942,-86.4767, 93.5233
  59,1059, 86.8112, 86.8112
 -60, 940,-86.3478, 93.6522
  61,1061, 86.7095, 86.7095
 -62, 938,-86.2184, 93.7816
  63,1063, 86.6083, 86.6083
 -64, 936,-86.0884, 93.9116
  65,1065, 86.5074, 86.5074
 -66, 934,-85.9580, 94.0420
  67,1067, 86.4070, 86.4070
 -68, 932,-85.8270, 94.1730
  69,1069, 86.3069, 86.3069
 -70, 930,-85.6955, 94.3045
  71,1071, 86.2072, 86.2072
 -72, 928,-85.5635, 94.4365
  73,1073, 86.1080, 86.1080
 -74, 926,-85.4310, 94.5690
  75,1075, 86.0091, 86.0091
 -76, 924,-85.2979, 94.7021
  77,1077, 85.9106, 85.9106
 -78, 922,-85.1644, 94.8356
  79,1079, 85.8125, 85.8125
 -80, 920,-85.0303, 94.9697
  81,1081, 85.7148, 85.7148
 -82, 918,-84.8956, 95.1044
  83,1083, 85.6175, 85.6175
 -84, 916,-84.7605, 95.2395
  85,1085, 85.5205, 85.5205
 -86, 914,-84.6248, 95.3752
  87,1087, 85.4240, 85.4240
 -88, 912,-84.4885, 95.5115
  89,1089, 85.3278, 85.3278
 -90, 910,-84.3518, 95.6482
  91,1091, 85.2320, 85.2320
 -92, 908,-84.2144, 95.7856
  93,1093, 85.1366, 85.1366
 -94, 906,-84.0766, 95.9234
  95,1095, 85.0415, 85.0415
 -96, 904,-83.9382, 96.0618
  97,1097, 84.9469, 84.9469
 -98, 902,-83.7993, 96.2007
  99,1099, 84.8526, 84.8526
-100, 900,-83.6598, 96.3402
 101,1101, 84.7587, 84.7587
-102, 898,-83.5198, 96.4802
 103,1103, 84.6651, 84.6651
-104, 896,-83.3792, 96.6208
 105,1105, 84.5719, 84.5719
-106, 894,-83.2381, 96.7619
 107,1107, 84.4791, 84.4791
-108, 892,-83.0964, 96.9036
 109,1109, 84.3866, 84.3866
-110, 890,-82.9542, 97.0458
 111,1111, 84.2945, 84.2945
-112, 888,-82.8115, 97.1885
 113,1113, 84.2028, 84.2028
-114, 886,-82.6681, 97.3319
 115,1115, 84.1114, 84.1114
-116, 884,-82.5243, 97.4757
 117,1117, 84.0204, 84.0204
-118, 882,-82.3798, 97.6202
 119,1119, 83.9297, 83.9297
-120, 880,-82.2348, 97.7652
 121,1121, 83.8394, 83.8394
-122, 878,-82.0893, 97.9107
 123,1123, 83.7494, 83.7494
-124, 876,-81.9432, 98.0568
 125,1125, 83.6598, 83.6598
-126, 874,-81.7965, 98.2035
 127,1127, 83.5705, 83.5705
-128, 872,-81.6492, 98.3508
 129,1129, 83.4816, 83.4816
-130, 870,-81.5014, 98.4986
 131,1131, 83.3931, 83.3931
-132, 868,-81.3531, 98.6469
 133,1133, 83.3048, 83.3048
-134, 866,-81.2041, 98.7959
 135,1135, 83.2170, 83.2170
-136, 864,-81.0546, 98.9454
 137,1137, 83.1294, 83.1294
-138, 862,-80.9045, 99.0955
 139,1139, 83.0422, 83.0422
-140, 860,-80.7539, 99.2461
 141,1141, 82.9553, 82.9553
-142, 858,-80.6027, 99.3973
 143,1143, 82.8688, 82.8688
-144, 856,-80.4509, 99.5491
 145,1145, 82.7826, 82.7826
-146, 854,-80.2985, 99.7015
 147,1147, 82.6968, 82.6968
-148, 852,-80.1455, 99.8545
 149,1149, 82.6112, 82.6112
-150, 850,-79.9920,100.0080
 151,1151, 82.5260, 82.5260
-152, 848,-79.8379,100.1621
 153,1153, 82.4412, 82.4412
-154, 846,-79.6832,100.3168
 155,1155, 82.3566, 82.3566
-156, 844,-79.5280,100.4720
 157,1157, 82.2724, 82.2724
-158, 842,-79.3721,100.6279
 159,1159, 82.1885, 82.1885
-160, 840,-79.2157,100.7843
 161,1161, 82.1049, 82.1049
-162, 838,-79.0587,100.9413
 163,1163, 82.0217, 82.0217
-164, 836,-78.9011,101.0989
 165,1165, 81.9388, 81.9388
-166, 834,-78.7429,101.2571
 167,1167, 81.8562, 81.8562
-168, 832,-78.5842,101.4158
 169,1169, 81.7739, 81.7739
-170, 830,-78.4248,101.5752
 171,1171, 81.6919, 81.6919
-172, 828,-78.2649,101.7351
 173,1173, 81.6102, 81.6102
-174, 826,-78.1044,101.8956
 175,1175, 81.5289, 81.5289
-176, 824,-77.9432,102.0568
 177,1177, 81.4478, 81.4478
-178, 822,-77.7815,102.2185
 179,1179, 81.3671, 81.3671
-180, 820,-77.6192,102.3808
 181,1181, 81.2867, 81.2867
-182, 818,-77.4564,102.5436
 183,1183, 81.2065, 81.2065
-184, 816,-77.2929,102.7071
 185,1185, 81.1267, 81.1267
-186, 814,-77.1288,102.8712
 187,1187, 81.0472, 81.0472
-188, 812,-76.9642,103.0358
 189,1189, 80.9680, 80.9680
-190, 810,-76.7989,103.2011
 191,1191, 80.8891, 80.8891
-192, 808,-76.6331,103.3669
 193,1193, 80.8105, 80.8105
-194, 806,-76.4666,103.5334
 195,1195, 80.7322, 80.7322
-196, 804,-76.2996,103.7004
 197,1197, 80.6541, 80.6541
-198, 802,-76.1320,103.8680
 199,1199, 80.5764, 80.5764
-200, 800,-75.9638,104.0362
 201,1201, 80.4990, 80.4990
-202, 798,-75.7949,104.2051
 203,1203, 80.4219, 80.4219
-204, 796,-75.6255,104.3745
 205,1205, 80.3450, 80.3450
-206, 794,-75.4555,104.5445
 207,1207, 80.2685, 80.2685
-208, 792,-75.2849,104.7151
 209,1209, 80.1922, 80.1922
-210, 790,-75.1137,104.8863
 211,1211, 80.1162, 80.1162
-212, 788,-74.9419,105.0581
 213,1213, 80.0405, 80.0405
-214, 786,-74.7696,105.2304
 215,1215, 79.9651, 79.9651
-216, 784,-74.5966,105.4034
 217,1217, 79.8900, 79.8900
-218, 782,-74.4230,105.5770
 219,1219, 79.8151, 79.8151
-220, 780,-74.2488,105.7512
 221,1221, 79.7406, 79.7406
-222, 778,-74.0741,105.9259
 223,1223, 79.6663, 79.6663
-224, 776,-73.8987,106.1013
 225,1225, 79.5923, 79.5923
-226, 774,-73.7227,106.2773
 227,1227, 79.5186, 79.5186
-228, 772,-73.5462,106.4538
 229,1229, 79.4451, 79.4451
-230, 770,-73.3690,106.6310
 231,1231, 79.3719, 79.3719
-232, 768,-73.1913,106.8087
 233,1233, 79.2990, 79.2990
-234, 766,-73.0130,106.9870
 235,1235, 79.2264, 79.2264
-236, 764,-72.8341,107.1659
 237,1237, 79.1540, 79.1540
-238, 762,-72.6545,107.3455
 239,1239, 79.0819, 79.0819
-240, 760,-72.4744,107.5256
 241,1241, 79.0101, 79.0101
-242, 758,-72.2937,107.7063
 243,1243, 78.9385, 78.9385
-244, 756,-72.1124,107.8876
 245,1245, 78.8672, 78.8672
-246, 754,-71.9306,108.0694
 247,1247, 78.7961, 78.7961
-248, 752,-71.7481,108.2519
 249,1249, 78.7254, 78.7254
-250, 750,-71.5651,108.4349
 251,1251, 78.6548, 78.6548
-252, 748,-71.3814,108.6186
 253,1253, 78.5846, 78.5846
-254, 746,-71.1972,108.8028
 255,1255, 78.5146, 78.5146
-256, 744,-71.0124,108.9876
 257,1257, 78.4448, 78.4448
-258, 742,-70.8270,109.1730
 259,1259, 78.3754, 78.3754
-260, 740,-70.6410,109.3590
 261,1261, 78.3061, 78.3061
-262, 738,-70.4544,109.5456
 263,1263, 78.2371, 78.2371
-264, 736,-70.2673,109.7327
 265,1265, 78.1684, 78.1684
-266, 734,-70.0796,109.9204
 267,1267, 78.0999, 78.0999
-268, 732,-69.8913,110.1087
 269,1269, 78.0317, 78.0317
-270, 730,-69.7024,110.2976
 271,1271, 77.9637, 77.9637
-272, 728,-69.5130,110.4870
 273,1273, 77.8960, 77.8960
-274, 726,-69.3230,110.6770
 275,1275, 77.8285, 77.8285
-276, 724,-69.1324,110.8676
 277,1277, 77.7613, 77.7613
-278, 722,-68.9412,111.0588
 279,1279, 77.6943, 77.6943
-280, 720,-68.7495,111.2505
 281,1281, 77.6276, 77.6276
-282, 718,-68.5572,111.4428
 283,1283, 77.5611, 77.5611
-284, 716,-68.3643,111.6357
 285,1285, 77.4948, 77.4948
-286, 714,-68.1709,111.8291
 287,1287, 77.4288, 77.4288
-288, 712,-67.9769,112.0231
 289,1289, 77.3630, 77.3630
-290, 710,-67.7824,112.2176
 291,1291, 77.2974, 77.2974
-292, 708,-67.5873,112.4127
 293,1293, 77.2321, 77.2321
-294, 706,-67.3917,112.6083
 295,1295, 77.1671, 77.1671
-296, 704,-67.1955,112.8045
 297,1297, 77.1022, 77.1022
-298, 702,-66.9987,113.0013
 299,1299, 77.0376, 77.0376
-300, 700,-66.8014,113.1986
 301,1301, 76.9732, 76.9732
-302, 698,-66.6036,113.3964
 303,1303, 76.9091, 76.9091
-304, 696,-66.4052,113.5948
 305,1305, 76.8452, 76.8452
-306, 694,-66.2063,113.7937
 307,1307, 76.7815, 76.7815
-308, 692,-66.0068,113.9932
 309,1309, 76.7180, 76.7180
-310, 690,-65.8068,114.1932
 311,1311, 76.6548, 76.6548
-312, 688,-65.6063,114.3937
 313,1313, 76.5918, 76.5918
-314, 686,-65.4052,114.5948
 315,1315, 76.5290, 76.5290
-316, 684,-65.2036,114.7964
 317,1317, 76.4664, 76.4664
-318, 682,-65.0015,114.9985
 319,1319, 76.4041, 76.4041
-320, 680,-64.7989,115.2011
 321,1321, 76.3420, 76.3420
-322, 678,-64.5957,115.4043
 323,1323, 76.2801, 76.2801
-324, 676,-64.3921,115.6079
 325,1325, 76.2184, 76.2184
-326, 674,-64.1879,115.8121
 327,1327, 76.1569, 76.1569
-328, 672,-63.9832,116.0168
 329,1329, 76.0957, 76.0957
-330, 670,-63.7780,116.2220
 331,1331, 76.0347, 76.0347
-332, 668,-63.5723,116.4277
 333,1333, 75.9739, 75.9739
-334, 666,-63.3662,116.6338
 335,1335, 75.9133, 75.9133
-336, 664,-63.1595,116.8405
 337,1337, 75.8529, 75.8529
-338, 662,-62.9523,117.0477
 339,1339, 75.7927, 75.7927
-340, 660,-62.7447,117.2553
 341,1341, 75.7328, 75.7328
-342, 658,-62.5365,117.4635
 343,1343, 75.6730, 75.6730
-344, 656,-62.3279,117.6721
 345,1345, 75.6135, 75.6135
-346, 654,-62.1188,117.8812
 347,1347, 75.5542, 75.5542
-348, 652,-61.9093,118.0907
 349,1349, 75.4950, 75.4950
-350, 650,-61.6992,118.3008
 351,1351, 75.4361, 75.4361
-352, 648,-61.4888,118.5112
 353,1353, 75.3774, 75.3774
-354, 646,-61.2778,118.7222
 355,1355, 75.3189, 75.3189
-356, 644,-61.0664,118.9336
 357,1357, 75.2606, 75.2606
-358, 642,-60.8545,119.1455
 359,1359, 75.2025, 75.2025
-360, 640,-60.6422,119.3578
 361,1361, 75.1446, 75.1446
-362, 638,-60.4295,119.5705
 363,1363, 75.0869, 75.0869
-364, 636,-60.2163,119.7837
 365,1365, 75.0294, 75.0294
-366, 634,-60.0027,119.9973
 367,1367, 74.9721, 74.9721
-368, 632,-59.7887,120.2113
 369,1369, 74.9150, 74.9150
-370, 630,-59.5742,120.4258
 371,1371, 74.8581, 74.8581
-372, 628,-59.3593,120.6407
 373,1373, 74.8014, 74.8014
-374, 626,-59.1440,120.8560
 375,1375, 74.7449, 74.7449
-376, 624,-58.9283,121.0717
 377,1377, 74.6886, 74.6886
-378, 622,-58.7122,121.2878
 379,1379, 74.6324, 74.6324
-380, 620,-58.4957,121.5043
 381,1381, 74.5765, 74.5765
-382, 618,-58.2788,121.7212
 383,1383, 74.5208, 74.5208
-384, 616,-58.0616,121.9384
 385,1385, 74.4652, 74.4652
-386, 614,-57.8439,122.1561
 387,1387, 74.4099, 74.4099
-388, 612,-57.6258,122.3742
 389,1389, 74.3547, 74.3547
-390, 610,-57.4074,122.5926
 391,1391, 74.2997, 74.2997
-392, 608,-57.1886,122.8114
 393,1393, 74.2449, 74.2449
-394, 606,-56.9695,123.0305
 395,1395, 74.1903, 74.1903
-396, 604,-56.7500,123.2500
 397,1397, 74.1359, 74.1359
-398, 602,-56.5301,123.4699
 399,1399, 74.0817, 74.0817
-400, 600,-56.3099,123.6901
 401,1401, 74.0276, 74.0276
-402, 598,-56.0894,123.9106
 403,1403, 73.9737, 73.9737
-404, 596,-55.8685,124.1315
 405,1405, 73.9200, 73.9200
-406, 594,-55.6473,124.3527
 407,1407, 73.8665, 73.8665
-408, 592,-55.4258,124.5742
 409,1409, 73.8132, 73.8132
-410, 590,-55.2040,124.7960
 411,1411, 73.7601, 73.7601
-412, 588,-54.9818,125.0182
 413,1413, 73.7071, 73.7071
-414, 586,-54.7594,125.2406
 415,1415, 73.6543, 73.6543
-416, 584,-54.5366,125.4634
 417,1417, 73.6017, 73.6017
-418, 582,-54.3136,125.6864
 419,1419, 73.5493, 73.5493
-420, 580,-54.0903,125.9097
 421,1421, 73.4970, 73.4970
-422, 578,-53.8667,126.1333
 423,1423, 73.4449, 73.4449
-424, 576,-53.6428,126.3572
 425,1425, 73.3930, 73.3930
-426, 574,-53.4187,126.5813
 427,1427, 73.3413, 73.3413
-428, 572,-53.1943,126.8057
 429,1429, 73.2897, 73.2897
-430, 570,-52.9696,127.0304
 431,1431, 73.2383, 73.2383
-432, 568,-52.7447,127.2553
 433,1433, 73.1871, 73.1871
-434, 566,-52.5196,127.4804
 435,1435, 73.1361, 73.1361
-436, 564,-52.2942,127.7058
 437,1437, 73.0852, 73.0852
-438, 562,-52.0686,127.9314
 439,1439, 73.0345, 73.0345
-440, 560,-51.8428,128.1572
 441,1441, 72.9839, 72.9839
-442, 558,-51.6167,128.3833
 443,1443, 72.9336, 72.9336
-444, 556,-51.3905,128.6095
 445,1445, 72.8833, 72.8833
-446, 554,-51.1641,128.8359
 447,1447, 72.8333, 72.8333
-448, 552,-50.9374,129.0626
 449,1449, 72.7834, 72.7834
-450, 550,-50.7106,129.2894
 451,1451, 72.7337, 72.7337
-452, 548,-50.4836,129.5164
 453,1453, 72.6842, 72.6842
-454, 546,-50.2564,129.7436
 455,1455, 72.6348, 72.6348
-456, 544,-50.0291,129.9709
 457,1457, 72.5855, 72.5855
-458, 542,-49.8016,130.1984
 459,1459, 72.5365, 72.5365
-460, 540,-49.5739,130.4261
 461,1461, 72.4876, 72.4876
-462, 538,-49.3461,130.6539
 463,1463, 72.4388, 72.4388
-464, 536,-49.1182,130.8818
 465,1465, 72.3902, 72.3902
-466, 534,-48.8901,131.1099
 467,1467, 72.3418, 72.3418
-468, 532,-48.6619,131.3381
 469,1469, 72.2935, 72.2935
-470, 530,-48.4336,131.5664
 471,1471, 72.2454, 72.2454
-472, 528,-48.2052,131.7948
 473,1473, 72.1975, 72.1975
-474, 526,-47.9767,132.0233
 475,1475, 72.1497, 72.1497
-476, 524,-47.7481,132.2519
 477,1477, 72.1020, 72.1020
-478, 522,-47.5194,132.4806
 479,1479, 72.0545, 72.0545
-480, 520,-47.2906,132.7094
 481,1481, 72.0072, 72.0072
-482, 518,-47.0618,132.9382
 483,1483, 71.9600, 71.9600
-484, 516,-46.8328,133.1672
 485,1485, 71.9130, 71.9130
-486, 514,-46.6039,133.3961
 487,1487, 71.8661, 71.8661
-488, 512,-46.3748,133.6252
 489,1489, 71.8194, 71.8194
-490, 510,-46.1458,133.8542
 491,1491, 71.7728, 71.7728
-492, 508,-45.9167,134.0833
 493,1493, 71.7264, 71.7264
-494, 506,-45.6875,134.3125
 495,1495, 71.6801, 71.6801
-496, 504,-45.4584,134.5416
 497,1497, 71.6340, 71.6340
-498, 502,-45.2292,134.7708
 499,1499, 71.5880, 71.5880
-500, 500,-45.0000,135.0000
 501,1501, 71.5422, 71.5422
-502, 498,-44.7708,135.2292
 503,1503, 71.4965, 71.4965
-504, 496,-44.5416,135.4584
 505,1505, 71.4509, 71.4509
-506, 494,-44.3125,135.6875
 507,1507, 71.4055, 71.4055
-508, 492,-44.0833,135.9167
 509,1509, 71.3603, 71.3603
-510, 490,-43.8542,136.1458
 511,1511, 71.3152, 71.3152
-512, 488,-43.6252,136.3748
 513,1513, 71.2702, 71.2702
-514, 486,-43.3961,136.6039
 515,1515, 71.2254, 71.2254
-516, 484,-43.1672,136.8328
 517,1517, 71.1807, 71.1807
-518, 482,-42.9382,137.0618
 519,1519, 71.1361, 71.1361
-520, 480,-42.7094,137.2906
 521,1521, 71.0917, 71.0917
-522, 478,-42.4806,137.5194
 523,1523, 71.0475, 71.0475
-524, 476,-42.2519,137.7481
 525,1525, 71.0033, 71.0033
-526, 474,-42.0233,137.9767
 527,1527, 70.9594, 70.9594
-528, 472,-41.7948,138.2052
 529,1529, 70.9155, 70.9155
-530, 470,-41.5664,138.4336
 531,1531, 70.8718, 70.8718
-532, 468,-41.3381,138.6619
 533,1533, 70.8282, 70.8282
-534, 466,-41.1099,138.8901
 535,1535, 70.7848, 70.7848
-536, 464,-40.8818,139.1182
 537,1537, 70.7415, 70.7415
-538, 462,-40.6539,139.3461
 539,1539, 70.6983, 70.6983
-540, 460,-40.4261,139.5739
 541,1541, 70.6553, 70.6553
-542, 458,-40.1984,139.8016
 543,1543, 70.6124, 70.6124
-544, 456,-39.9709,140.0291
 545,1545, 70.5697, 70.5697
-546, 454,-39.7436,140.2564
 547,1547, 70.5270, 70.5270
-548, 452,-39.5164,140.4836
 549,1549, 70.4845, 70.4845
-550, 450,-39.2894,140.7106
 551,1551, 70.4422, 70.4422
-552, 448,-39.0626,140.9374
 553,1553, 70.3999, 70.3999
-554, 446,-38.8359,141.1641
 555,1555, 70.3578, 70.3578
-556, 444,-38.6095,141.3905
 557,1557, 70.3159, 70.3159
-558, 442,-38.3833,141.6167
 559,1559, 70.2740, 70.2740
-560, 440,-38.1572,141.8428
 561,1561, 70.2323, 70.2323
-562, 438,-37.9314,142.0686
 563,1563, 70.1907, 70.1907
-564, 436,-37.7058,142.2942
 565,1565, 70.1493, 70.1493
-566, 434,-37.4804,142.5196
 567,1567, 70.1080, 70.1080
-568, 432,-37.2553,142.7447
 569,1569, 70.0668, 70.0668
-570, 430,-37.0304,142.9696
 571,1571, 70.0257, 70.0257
-572, 428,-36.8057,143.1943
 573,1573, 69.9847, 69.9847
-574, 426,-36.5813,143.4187
 575,1575, 69.9439, 69.9439
-576, 424,-36.3572,143.6428
 577,1577, 69.9032, 69.9032
-578, 422,-36.1333,143.8667
 579,1579, 69.8626, 69.8626
-580, 420,-35.9097,144.0903
 581,1581, 69.8222, 69.8222
-582, 418,-35.6864,144.3136
 583,1583, 69.7819, 69.7819
-584, 416,-35.4634,144.5366
 585,1585, 69.7416, 69.7416
-586, 414,-35.2406,144.7594
 587,1587, 69.7016, 69.7016
-588, 412,-35.0182,144.9818
 589,1589, 69.6616, 69.6616
-590, 410,-34.7960,145.2040
 591,1591, 69.6218, 69.6218
-592, 408,-34.5742,145.4258
 593,1593, 69.5820, 69.5820
-594, 406,-34.3527,145.6473
 595,1595, 69.5424, 69.5424
-596, 404,-34.1315,145.8685
 597,1597, 69.5030, 69.5030
-598, 402,-33.9106,146.0894
 599,1599, 69.4636, 69.4636
-600, 400,-33.6901,146.3099
 601,1601, 69.4243, 69.4243
-602, 398,-33.4699,146.5301
 603,1603, 69.3852, 69.3852
-604, 396,-33.2500,146.7500
 605,1605, 69.3462, 69.3462
-606, 394,-33.0305,146.9695
 607,1607, 69.3073, 69.3073
-608, 392,-32.8114,147.1886
 609,1609, 69.2685, 69.2685
-610, 390,-32.5926,147.4074
 611,1611, 69.2299, 69.2299
-612, 388,-32.3742,147.6258
 613,1613, 69.1913, 69.1913
-614, 386,-32.1561,147.8439
 615,1615, 69.1529, 69.1529
-616, 384,-31.9384,148.0616
 617,1617, 69.1146, 69.1146
-618, 382,-31.7212,148.2788
 619,1619, 69.0764, 69.0764
-620, 380,-31.5043,148.4957
 621,1621, 69.0383, 69.0383
-622, 378,-31.2878,148.7122
 623,1623, 69.0003, 69.0003
-624, 376,-31.0717,148.9283
 625,1625, 68.9625, 68.9625
-626, 374,-30.8560,149.1440
 627,1627, 68.9247, 68.9247
-628, 372,-30.6407,149.3593
 629,1629, 68.8871, 68.8871
-630, 370,-30.4258,149.5742
 631,1631, 68.8496, 68.8496
-632, 368,-30.2113,149.7887
 633,1633, 68.8122, 68.8122
-634, 366,-29.9973,150.0027
 635,1635, 68.7749, 68.7749
-636, 364,-29.7837,150.2163
 637,1637, 68.7377, 68.7377
-638, 362,-29.5705,150.4295
 639,1639, 68.7006, 68.7006
-640, 360,-29.3578,150.6422
 641,1641, 68.6636, 68.6636
-642, 358,-29.1455,150.8545
 643,1643, 68.6267, 68.6267
-644, 356,-28.9336,151.0664
 645,1645, 68.5900, 68.5900
-646, 354,-28.7222,151.2778
 647,1647, 68.5533, 68.5533
-648, 352,-28.5112,151.4888
 649,1649, 68.5168, 68.5168
-650, 350,-28.3008,151.6992
 651,1651, 68.4804, 68.4804
-652, 348,-28.0907,151.9093
 653,1653, 68.4440, 68.4440
-654, 346,-27.8812,152.1188
 655,1655, 68.4078, 68.4078
-656, 344,-27.6721,152.3279
 657,1657, 68.3717, 68.3717
-658, 342,-27.4635,152.5365
 659,1659, 68.3357, 68.3357
-660, 340,-27.2553,152.7447
 661,1661, 68.2998, 68.2998
-662, 338,-27.0477,152.9523
 663,1663, 68.2640, 68.2640
-664, 336,-26.8405,153.1595
 665,1665, 68.2283, 68.2283
-666, 334,-26.6338,153.3662
 667,1667, 68.1927, 68.1927
-668, 332,-26.4277,153.5723
 669,1669, 68.1572, 68.1572
-670, 330,-26.2220,153.7780
 671,1671, 68.1218, 68.1218
-672, 328,-26.0168,153.9832
 673,1673, 68.0865, 68.0865
-674, 326,-25.8121,154.1879
 675,1675, 68.0513, 68.0513
-676, 324,-25.6079,154.3921
 677,1677, 68.0162, 68.0162
-678, 322,-25.4043,154.5957
 679,1679, 67.9812, 67.9812
-680, 320,-25.2011,154.7989
 681,1681, 67.9463, 67.9463
-682, 318,-24.9985,155.0015
 683,1683, 67.9116, 67.9116
-684, 316,-24.7964,155.2036
 685,1685, 67.8769, 67.8769
-686, 314,-24.5948,155.4052
 687,1687, 67.8423, 67.8423
-688, 312,-24.3937,155.6063
 689,1689, 67.8078, 67.8078
-690, 310,-24.1932,155.8068
 691,1691, 67.7734, 67.7734
-692, 308,-23.9932,156.0068
 693,1693, 67.7391, 67.7391
-694, 306,-23.7937,156.2063
 695,1695, 67.7049, 67.7049
-696, 304,-23.5948,156.4052
 697,1697, 67.6708, 67.6708
-698, 302,-23.3964,156.6036
 699,1699, 67.6368, 67.6368
-700, 300,-23.1986,156.8014
 701,1701, 67.6029, 67.6029
-702, 298,-23.0013,156.9987
 703,1703, 67.5691, 67.5691
-704, 296,-22.8045,157.1955
 705,1705, 67.5354, 67.5354
-706, 294,-22.6083,157.3917
 707,1707, 67.5018, 67.5018
-708, 292,-22.4127,157.5873
 709,1709, 67.4683, 67.4683
-710, 290,-22.2176,157.7824
 711,1711, 67.4348, 67.4348
-712, 288,-22.0231,157.9769
 713,1713, 67.4015, 67.4015
-714, 286,-21.8291,158.1709
 715,1715, 67.3683, 67.3683
-716, 284,-21.6357,158.3643
 717,1717, 67.3351, 67.3351
-718, 282,-21.4428,158.5572
 719,1719, 67.3021, 67.3021
-720, 280,-21.2505,158.7495
 721,1721, 67.2691, 67.2691
-722, 278,-21.0588,158.9412
 723,1723, 67.2363, 67.2363
-724, 276,-20.8676,159.1324
 725,1725, 67.2035, 67.2035
-726, 274,-20.6770,159.3230
 727,1727, 67.1708, 67.1708
-728, 272,-20.4870,159.5130
 729,1729, 67.1382, 67.1382
-730, 270,-20.2976,159.7024
 731,1731, 67.1057, 67.1057
-732, 268,-20.1087,159.8913
 733,1733, 67.0733, 67.0733
-734, 266,-19.9204,160.0796
 735,1735, 67.0410, 67.0410
-736, 264,-19.7327,160.2673
 737,1737, 67.0087, 67.0087
-738, 262,-19.5456,160.4544
 739,1739, 66.9766, 66.9766
-740, 260,-19.3590,160.6410
 741,1741, 66.9445, 66.9445
-742, 258,-19.1730,160.8270
 743,1743, 66.9126, 66.9126
-744, 256,-18.9876,161.0124
 745,1745, 66.8807, 66.8807
-746, 254,-18.8028,161.1972
 747,1747, 66.8489, 66.8489
-748, 252,-18.6186,161.3814
 749,1749, 66.8172, 66.8172
-750, 250,-18.4349,161.5651
 751,1751, 66.7856, 66.7856
-752, 248,-18.2519,161.7481
 753,1753, 66.7541, 66.7541
-754, 246,-18.0694,161.9306
 755,1755, 66.7227, 66.7227
-756, 244,-17.8876,162.1124
 757,1757, 66.6913, 66.6913
-758, 242,-17.7063,162.2937
 759,1759, 66.6600, 66.6600
-760, 240,-17.5256,162.4744
 761,1761, 66.6289, 66.6289
-762, 238,-17.3455,162.6545
 763,1763, 66.5978, 66.5978
-764, 236,-17.1659,162.8341
 765,1765, 66.5668, 66.5668
-766, 234,-16.9870,163.0130
 767,1767, 66.5358, 66.5358
-768, 232,-16.8087,163.1913
 769,1769, 66.5050, 66.5050
-770, 230,-16.6310,163.3690
 771,1771, 66.4742, 66.4742
-772, 228,-16.4538,163.5462
 773,1773, 66.4436, 66.4436
-774, 226,-16.2773,163.7227
 775,1775, 66.4130, 66.4130
-776, 224,-16.1013,163.8987
 777,1777, 66.3825, 66.3825
-778, 222,-15.9259,164.0741
 779,1779, 66.3520, 66.3520
-780, 220,-15.7512,164.2488
 781,1781, 66.3217, 66.3217
-782, 218,-15.5770,164.4230
 783,1783, 66.2914, 66.2914
-784, 216,-15.4034,164.5966
 785,1785, 66.2613, 66.2613
-786, 214,-15.2304,164.7696
 787,1787, 66.2312, 66.2312
-788, 212,-15.0581,164.9419
 789,1789, 66.2012, 66.2012
-790, 210,-14.8863,165.1137
 791,1791, 66.1712, 66.1712
-792, 208,-14.7151,165.2849
 793,1793, 66.1414, 66.1414
-794, 206,-14.5445,165.4555
 795,1795, 66.1116, 66.1116
-796, 204,-14.3745,165.6255
 797,1797, 66.0819, 66.0819
-798, 202,-14.2051,165.7949
 799,1799, 66.0523, 66.0523
-800, 200,-14.0362,165.9638
 801,1801, 66.0228, 66.0228
-802, 198,-13.8680,166.1320
 803,1803, 65.9933, 65.9933
-804, 196,-13.7004,166.2996
 805,1805, 65.9639, 65.9639
-806, 194,-13.5334,166.4666
 807,1807, 65.9346, 65.9346
-808, 192,-13.3669,166.6331
 809,1809, 65.9054, 65.9054
-810, 190,-13.2011,166.7989
 811,1811, 65.8763, 65.8763
-812, 188,-13.0358,166.9642
 813,1813, 65.8472, 65.8472
-814, 186,-12.8712,167.1288
 815,1815, 65.8182, 65.8182
-816, 184,-12.7071,167.2929
 817,1817, 65.7893, 65.7893
-818, 182,-12.5436,167.4564
 819,1819, 65.7605, 65.7605
-820, 180,-12.3808,167.6192
 821,1821, 65.7317, 65.7317
-822, 178,-12.2185,167.7815
 823,1823, 65.7030, 65.7030
-824, 176,-12.0568,167.9432
 825,1825, 65.6744, 65.6744
-826, 174,-11.8956,168.1044
 827,1827, 65.6459, 65.6459
-828, 172,-11.7351,168.2649
 829,1829, 65.6174, 65.6174
-830, 170,-11.5752,168.4248
 831,1831, 65.5891, 65.5891
-832, 168,-11.4158,168.5842
 833,1833, 65.5608, 65.5608
-834, 166,-11.2571,168.7429
 835,1835, 65.5325, 65.5325
-836, 164,-11.0989,168.9011
 837,1837, 65.5044, 65.5044
-838, 162,-10.9413,169.0587
 839,1839, 65.4763, 65.4763
-840, 160,-10.7843,169.2157
 841,1841, 65.4483, 65.4483
-842, 158,-10.6279,169.3721
 843,1843, 65.4203, 65.4203
-844, 156,-10.4720,169.5280
 845,1845, 65.3925, 65.3925
-846, 154,-10.3168,169.6832
 847,1847, 65.3647, 65.3647
-848, 152,-10.1621,169.8379
 849,1849, 65.3370, 65.3370
-850, 150,-10.0080,169.9920
 851,1851, 65.3093, 65.3093
-852, 148, -9.8545,170.1455
 853,1853, 65.2817, 65.2817
-854, 146, -9.7015,170.2985
 855,1855, 65.2542, 65.2542
-856, 144, -9.5491,170.4509
 857,1857, 65.2268, 65.2268
-858, 142, -9.3973,170.6027
 859,1859, 65.1995, 65.1995
-860, 140, -9.2461,170.7539
 861,1861, 65.1722, 65.1722
-862, 138, -9.0955,170.9045
 863,1863, 65.1449, 65.1449
-864, 136, -8.9454,171.0546
 865,1865, 65.1178, 65.1178
-866, 134, -8.7959,171.2041
 867,1867, 65.0907, 65.0907
-868, 132, -8.6469,171.3531
 869,1869, 65.0637, 65.0637
-870, 130, -8.4986,171.5014
 871,1871, 65.0368, 65.0368
-872, 128, -8.3508,171.6492
 873,1873, 65.0099, 65.0099
-874, 126, -8.2035,171.7965
 875,1875, 64.9831, 64.9831
-876, 124, -8.0568,171.9432
 877,1877, 64.9564, 64.9564
-878, 122, -7.9107,172.0893
 879,1879, 64.9297, 64.9297
-880, 120, -7.7652,172.2348
 881,1881, 64.9031, 64.9031
-882, 118, -7.6202,172.3798
 883,1883, 64.8766, 64.8766
-884, 116, -7.4757,172.5243
 885,1885, 64.8501, 64.8501
-886, 114, -7.3319,172.6681
 887,1887, 64.8237, 64.8237
-888, 112, -7.1885,172.8115
 889,1889, 64.7974, 64.7974
-890, 110, -7.0458,172.9542
 891,1891, 64.7712, 64.7712
-892, 108, -6.9036,173.0964
 893,1893, 64.7450, 64.7450
-894, 106, -6.7619,173.2381
 895,1895, 64.7188, 64.7188
-896, 104, -6.6208,173.3792
 897,1897, 64.6928, 64.6928
-898, 102, -6.4802,173.5198
 899,1899, 64.6668, 64.6668
-900, 100, -6.3402,173.6598
 901,1901, 64.6409, 64.6409
-902,  98, -6.2007,173.7993
 903,1903, 64.6150, 64.6150
-904,  96, -6.0618,173.9382
 905,1905, 64.5892, 64.5892
-906,  94, -5.9234,174.0766
 907,1907, 64.5635, 64.5635
-908,  92, -5.7856,174.2144
 909,1909, 64.5378, 64.5378
-910,  90, -5.6482,174.3518
 911,1911, 64.5122, 64.5122
-912,  88, -5.5115,174.4885
 913,1913, 64.4867, 64.4867
-914,  86, -5.3752,174.6248
 915,1915, 64.4612, 64.4612
-916,  84, -5.2395,174.7605
 917,1917, 64.4358, 64.4358
-918,  82, -5.1044,174.8956
 919,1919, 64.4105, 64.4105
-920,  80, -4.9697,175.0303
 921,1921, 64.3852, 64.3852
-922,  78, -4.8356,175.1644
 923,1923, 64.3600, 64.3600
-924,  76, -4.7021,175.2979
 925,1925, 64.3348, 64.3348
-926,  74, -4.5690,175.4310
 927,1927, 64.3097, 64.3097
-928,  72, -4.4365,175.5635
 929,1929, 64.2847, 64.2847
-930,  70, -4.3045,175.6955
 931,1931, 64.2597, 64.2597
-932,  68, -4.1730,175.8270
 933,1933, 64.2348, 64.2348
-934,  66, -4.0420,175.9580
 935,1935, 64.2100, 64.2100
-936,  64, -3.9116,176.0884
 937,1937, 64.1852, 64.1852
-938,  62, -3.7816,176.2184
 939,1939, 64.1605, 64.1605
-940,  60, -3.6522,176.3478
 941,1941, 64.1358, 64.1358
-942,  58, -3.5233,176.4767
 943,1943, 64.1112, 64.1112
-944,  56, -3.3949,176.6051
 945,1945, 64.0867, 64.0867
-946,  54, -3.2670,176.7330
 947,1947, 64.0622, 64.0622
-948,  52, -3.1397,176.8603
 949,1949, 64.0378, 64.0378
-950,  50, -3.0128,176.9872
 951,1951, 64.0134, 64.0134
-952,  48, -2.8864,177.1136
 953,1953, 63.9891, 63.9891
-954,  46, -2.7606,177.2394
 955,1955, 63.9649, 63.9649
-956,  44, -2.6352,177.3648
 957,1957, 63.9407, 63.9407
-958,  42, -2.5103,177.4897
 959,1959, 63.9166, 63.9166
-960,  40, -2.3859,177.6141
 961,1961, 63.8926, 63.8926
-962,  38, -2.2621,177.7379
 963,1963, 63.8686, 63.8686
-964,  36, -2.1387,177.8613
 965,1965, 63.8446, 63.8446
-966,  34, -2.0158,177.9842
 967,1967, 63.8207, 63.8207
-968,  32, -1.8934,178.1066
 969,1969, 63.7969, 63.7969
-970,  30, -1.7715,178.2285
 971,1971, 63.7731, 63.7731
-972,  28, -1.6500,178.3500
 973,1973, 63.7494, 63.7494
-974,  26, -1.5291,178.4709
 975,1975, 63.7258, 63.7258
-976,  24, -1.4086,178.5914
 977,1977, 63.7022, 63.7022
-978,  22, -1.2886,178.7114
 979,1979, 63.6787, 63.6787
-980,  20, -1.1691,178.8309
 981,1981, 63.6552, 63.6552
-982,  18, -1.0501,178.9499
 983,1983, 63.6318, 63.6318
-984,  16, -0.9316,179.0684
 985,1985, 63.6084, 63.6084
-986,  14, -0.8135,179.1865
 987,1987, 63.5851, 63.5851
-988,  12, -0.6959,179.3041
 989,1989, 63.5618, 63.5618
-990,  10, -0.5787,179.4213
 991,1991, 63.5386, 63.5386
-992,   8, -0.4621,179.5379
 993,1993, 63.5155, 63.5155
-994,   6, -0.3458,179.6542
 995,1995, 63.4924, 63.4924
-996,   4, -0.2301,179.7699
 997,1997, 63.4694, 63.4694
-998,   2, -0.1148,179.8852
 999,1999, 63.4464, 63.4464
